{
  "project_info": {
    "project_number": "614222985976",
    "project_id": "bytebank-codemagic-ci-cd",
    "storage_bucket": "bytebank-codemagic-ci-cd.appspot.com"
  },
  "client": [
    {
      "client_info": {
        "mobilesdk_app_id": "1:614222985976:android:f16cce2020adf98ca3990d",
        "android_client_info": {
          "package_name": "br.com.muriloao.bytebank"
        }
      },
      "oauth_client": [
        {
          "client_id": "614222985976-kcj6o6m2rhenh06emmb80hcmuaambo5v.apps.googleusercontent.com",
          "client_type": 3
        }
      ],
      "api_key": [
        {
          "current_key": "AIzaSyC5lHnQRBrUuVkliLYQAlDm1KzYBGY1NnU"
        }
      ],
      "services": {
        "appinvite_service": {
          "other_platform_oauth_client": [
            {
              "client_id": "614222985976-kcj6o6m2rhenh06emmb80hcmuaambo5v.apps.googleusercontent.com",
              "client_type": 3
            }
          ]
        }
      }
    }
  ],
  "configuration_version": "1"
}